178,0.3187500000000001,80
179,0.32539062500000004,79
180,0.19921875,77
181,0.1,77
182,0.1460937499999999,76
183,0.11289062499999991,75
184,0.15937500000000004,73
185,0.17265624999999996,71
186,0.11953125000000009,68
187,0.1,66
188,0.1,64
189,0.19257812500000004,60
190,0.23906249999999996,55
191,0.27226562499999996,51
192,0.29218750000000004,48
193,0.2523437500000001,47
194,0.3121093749999999,44
195,0.3851562500000001,42
196,0.42500000000000004,41
197,0.537890625,38
198,0.604296875,37
199,0.6175781250000001,37
200,0.604296875,36
201,0.5843750000000001,35
202,0.5578125,35
203,0.5179687500000001,35
204,0.564453125,34
205,0.57109375,34
206,0.6175781250000001,32
207,0.6441406249999999,31
208,0.6441406249999999,30
209,0.604296875,30
210,0.5777343749999999,29
211,0.5445312499999999,28
212,0.5511718750000001,26
213,0.5113281249999999,26
214,0.630859375,28
215,0.73046875,31
216,1,35
217,1,33
245,0.1,50
246,1,55
247,0.94296875,56
248,1,55
249,1,52
250,1,53
251,0.6375,47
252,0.5843750000000001,45
253,0.3984375,43
254,0.25898437500000004,41
255,0.3851562500000001,41
256,0.32539062500000004,39
257,0.19921875,39
258,0.1,43
259,0.11953125000000009,46
260,0.232421875,56
261,0.2191406250000001,57
262,0.232421875,59
263,0.2457031249999999,60
264,0.232421875,60
265,0.2789062499999999,61
266,0.2457031249999999,60
267,0.22578125000000004,60
268,0.23906249999999996,60
269,0.25898437500000004,61
270,0.25898437500000004,62
271,0.265625,63
272,0.3121093749999999,66
273,0.32539062500000004,69
274,0.45820312500000004,69
275,0.5445312499999999,73
276,0.62421875,77
277,0.70390625,76
278,0.74375,76
279,0.78359375,77
280,0.657421875,79
281,0.4847656250000001,87
282,0.53125,86
283,0.47148437499999996,91
284,0.4781249999999999,92
285,0.431640625,93
286,0.431640625,97
287,0.35859375000000004,99
288,0.3785156249999999,100
289,0.4117187499999999,101
290,0.37187499999999996,102
291,0.25898437500000004,104
292,0.30546874999999996,105
293,0.25898437500000004,106
294,0.32539062500000004,107
295,0.23906249999999996,108
296,0.265625,110
297,0.3785156249999999,111
339,0.33203125,109
340,0.33203125,108
341,0.3121093749999999,106
342,0.3187500000000001,106
343,0.3785156249999999,104
344,0.4847656250000001,103
345,0.45820312500000004,101
346,0.5046875,101
347,0.49140625000000004,101
348,0.45820312500000004,100
349,0.4183593750000001,99
350,0.431640625,98
351,0.3851562500000001,97
352,0.40507812499999996,96
353,0.40507812499999996,96
354,0.3187500000000001,95
355,0.3785156249999999,96
356,0.3984375,96
357,0.4515625000000001,96
358,0.4183593750000001,97
359,0.4515625000000001,96
360,0.3851562500000001,96
361,0.524609375,96
362,0.6507812500000001,94
363,0.59765625,93
364,0.365234375,91
365,0.298828125,88
366,0.30546874999999996,84
367,0.33203125,79
368,0.166015625,78
369,0.1527343750000001,76
370,0.19921875,70
371,0.1792968749999999,67
372,0.23906249999999996,65
373,0.27226562499999996,62
374,0.29218750000000004,58
375,0.27226562499999996,55
376,0.29218750000000004,52
377,0.2191406250000001,50
378,0.13945312499999996,47
379,0.19921875,43
380,0.25898437500000004,37
381,0.2124999999999999,34
382,0.2191406250000001,31
383,0.2124999999999999,29
384,0.32539062500000004,27
385,0.37187499999999996,26
386,0.30546874999999996,25
387,0.4117187499999999,23
388,0.431640625,21
389,0.3851562500000001,20
390,0.365234375,19
391,0.35859375000000004,18
392,0.39179687500000004,17
393,1,89
394,0.3785156249999999,15
395,0.3453124999999999,14
396,0.2855468750000001,13
397,0.20585937499999996,13
398,0.25898437500000004,12
399,0.22578125000000004,11
400,0.20585937499999996,10
401,0.25898437500000004,9
435,0.43828124999999996,30
436,0.431640625,31
437,0.431640625,33
438,0.4449218749999999,33
439,0.43828124999999996,34
440,0.32539062500000004,35
441,0.29218750000000004,35
442,0.33203125,36
443,0.32539062500000004,37
444,0.298828125,37
445,0.3121093749999999,38
446,0.22578125000000004,39
447,0.25898437500000004,41
448,0.12617187500000004,42
449,0.19921875,45
450,0.1792968749999999,47
451,0.1328125,50
452,0.1859375000000001,53
453,0.23906249999999996,54
454,0.13945312499999996,57
455,0.1460937499999999,61
456,0.166015625,63
457,0.19257812500000004,66
458,0.25898437500000004,68
459,0.2789062499999999,70
460,0.20585937499999996,71
461,0.2457031249999999,72
462,0.27226562499999996,74
463,0.2523437500000001,76
464,0.22578125000000004,78
465,0.232421875,79
466,0.232421875,82
467,0.19921875,83
468,0.2457031249999999,84
469,0.23906249999999996,86
470,0.22578125000000004,88
471,0.2789062499999999,89
472,0.27226562499999996,91
473,0.25898437500000004,92
474,0.2191406250000001,93
475,0.2789062499999999,95
476,0.3519531250000001,96
477,0.3187500000000001,97
478,0.3785156249999999,98
479,0.39179687500000004,98
480,0.45820312500000004,94
481,0.431640625,99
482,0.43828124999999996,101
564,1,106
565,1,107
566,1,106
567,0.5046875,107
568,0.431640625,107
569,0.5046875,105
570,0.53125,107
571,0.5578125,105
572,0.5046875,104
573,0.47148437499999996,102
574,0.5843750000000001,100
575,0.5777343749999999,98
576,0.657421875,96
577,0.57109375,95
578,0.47148437499999996,93
579,0.43828124999999996,90
580,0.43828124999999996,88
581,0.3519531250000001,84
582,0.298828125,80
583,0.33203125,76
584,0.265625,77
585,0.2124999999999999,71
586,0.13945312499999996,66
587,0.2191406250000001,65
588,0.2124999999999999,63
589,0.1792968749999999,59
590,0.1527343750000001,55
591,0.1792968749999999,51
592,0.10624999999999996,49
593,0.11289062499999991,46
594,0.298828125,43
595,0.1527343750000001,40
596,0.1792968749999999,37
597,1,89
598,0.232421875,30
599,0.2789062499999999,27
600,0.4449218749999999,27
601,0.5179687500000001,25
602,0.5445312499999999,24
603,0.5113281249999999,23
604,0.630859375,22
605,0.5578125,20
606,0.524609375,20
607,0.49140625000000004,19
608,0.39179687500000004,17
609,0.4117187499999999,17
610,0.4117187499999999,15
611,1,91
661,0.91640625,18
662,0.657421875,18
663,0.3785156249999999,18
664,0.298828125,18
665,0.298828125,17
666,0.27226562499999996,19
667,0.2789062499999999,19
668,0.4117187499999999,21
669,0.5046875,23
670,0.37187499999999996,25
671,0.33867187499999996,27
672,0.2789062499999999,30
673,0.33203125,32
674,0.29218750000000004,34
675,0.27226562499999996,37
676,0.25898437500000004,41
677,0.29218750000000004,45
678,0.29218750000000004,49
679,0.20585937499999996,51
680,0.19921875,54
681,0.166015625,57
682,0.2191406250000001,59
683,0.27226562499999996,60
684,0.2191406250000001,60
685,0.17265624999999996,60
686,0.1527343750000001,64
687,0.2457031249999999,68
688,0.3453124999999999,80
689,0.2457031249999999,69
690,0.1527343750000001,79
691,0.12617187500000004,78
692,0.1,85
693,0.1,87
694,0.1328125,86
695,0.2855468750000001,90
696,0.40507812499999996,92
697,0.29218750000000004,95
698,0.47148437499999996,96
699,0.5113281249999999,98
700,0.45820312500000004,100
701,0.4515625000000001,101
702,0.33867187499999996,102
703,0.3851562500000001,103
704,0.3785156249999999,104
705,0.365234375,106
706,0.33203125,107
707,0.4117187499999999,108
708,0.4117187499999999,109
797,1,87
798,0.40507812499999996,115
799,1,110
800,1,106
801,1,102
802,1,99
803,1,94
804,1,92
805,0.5445312499999999,90
806,0.53125,88
807,0.5179687500000001,86
808,0.524609375,85
809,0.591015625,83
810,0.564453125,82
811,0.591015625,82
812,0.630859375,82
813,0.630859375,82
814,0.537890625,82
815,0.37187499999999996,80
816,0.27226562499999996,80
817,0.19257812500000004,78
818,0.232421875,76
819,0.17265624999999996,74
820,0.19257812500000004,70
821,0.232421875,68
822,0.19921875,67
823,0.23906249999999996,63
824,0.166015625,62
825,0.23906249999999996,57
826,0.1527343750000001,52
827,0.1527343750000001,51
828,0.15937500000000004,47
829,0.2523437500000001,45
830,0.2457031249999999,41
831,0.2523437500000001,37
832,0.1859375000000001,35
833,0.22578125000000004,34
834,0.265625,33
835,0.3785156249999999,32
836,0.33203125,32
837,0.35859375000000004,32
838,0.37187499999999996,32
839,0.3785156249999999,31
840,0.3984375,31
841,0.4781249999999999,31
842,0.4117187499999999,31
843,0.4183593750000001,32
844,0.4449218749999999,31
845,0.431640625,32
846,0.43828124999999996,31
847,0.4449218749999999,31
848,0.4117187499999999,31
849,0.43828124999999996,32
850,0.431640625,32
851,0.4183593750000001,31
852,0.47148437499999996,31
853,0.45820312500000004,31
854,0.4449218749999999,31
855,0.4515625000000001,30
856,0.46484375,30
857,0.47148437499999996,30
858,0.4847656250000001,29
859,0.46484375,29
860,0.5578125,31
861,0.537890625,28
862,0.564453125,28
863,0.4781249999999999,27
864,0.5578125,27
865,0.5113281249999999,25
866,0.5046875,24
867,0.4449218749999999,23
868,0.39179687500000004,21
869,0.365234375,20
870,0.3984375,18
871,0.4117187499999999,17
872,0.3121093749999999,16
873,0.3851562500000001,15
874,0.43828124999999996,14
875,0.4117187499999999,14
876,0.40507812499999996,13
877,0.498046875,14
878,0.5179687500000001,13
879,0.49140625000000004,13
880,0.4847656250000001,13
881,0.42500000000000004,14
882,0.4847656250000001,14
883,0.4449218749999999,14
884,0.4781249999999999,15
885,0.5113281249999999,15
886,0.43828124999999996,16
887,0.42500000000000004,17
888,0.4183593750000001,17
889,0.431640625,17
890,0.39179687500000004,18
891,0.33867187499999996,18
892,0.33867187499999996,19
893,0.4183593750000001,20
894,0.3121093749999999,21
895,0.32539062500000004,22
896,0.3851562500000001,22
897,0.3519531250000001,23
898,0.3187500000000001,25
899,0.431640625,26
900,0.3785156249999999,27
901,0.23906249999999996,28
902,0.15937500000000004,29
903,0.13945312499999996,30
904,0.15937500000000004,33
905,0.1859375000000001,34
906,0.20585937499999996,36
907,0.1792968749999999,37
908,0.15937500000000004,38
909,0.1328125,39
910,0.11953125000000009,39
911,0.15937500000000004,39
912,0.232421875,40
913,0.22578125000000004,42
914,0.2124999999999999,43
915,0.2191406250000001,45
916,0.1859375000000001,46
917,0.1527343750000001,48
918,0.1328125,49
919,0.1,51
920,0.1328125,53
921,0.166015625,55
922,0.1328125,58
923,0.1460937499999999,61
924,0.19921875,64
925,0.2191406250000001,68
926,0.23906249999999996,71
927,0.22578125000000004,75
928,0.17265624999999996,77
929,0.1792968749999999,80
930,0.2191406250000001,81
931,0.1460937499999999,84
932,0.11289062499999991,85
933,0.1328125,87
934,0.1460937499999999,88
935,0.13945312499999996,88
936,0.20585937499999996,89
937,0.2124999999999999,89
938,0.2523437500000001,89
939,0.25898437500000004,88
940,0.29218750000000004,86
941,0.2523437500000001,85
942,0.27226562499999996,81
943,0.32539062500000004,82
944,0.3187500000000001,83
945,0.29218750000000004,83
946,0.2855468750000001,82
947,0.2855468750000001,81
948,0.298828125,81
949,0.3453124999999999,80
950,0.3453124999999999,79
951,0.32539062500000004,79
952,0.3121093749999999,80
953,0.30546874999999996,79
954,0.29218750000000004,79
955,0.29218750000000004,79
956,0.2789062499999999,80
957,0.2457031249999999,79
958,0.30546874999999996,78
959,0.25898437500000004,78
960,0.29218750000000004,78
961,0.265625,78
962,0.3519531250000001,79
963,0.45820312500000004,80
964,0.3984375,79
965,0.42500000000000004,79
966,0.5113281249999999,78
967,0.5113281249999999,79
968,0.53125,79
969,0.53125,78
970,0.5445312499999999,78
971,0.5511718750000001,79
972,0.5445312499999999,79
973,0.5113281249999999,78
974,0.46484375,80
975,0.4515625000000001,78
976,0.4117187499999999,77
977,0.3785156249999999,76
978,0.2855468750000001,75
979,0.2789062499999999,71
980,0.2855468750000001,70
981,0.2191406250000001,67
982,0.1859375000000001,64
983,0.19257812500000004,62
984,0.2523437500000001,61
985,0.27226562499999996,60
986,0.30546874999999996,60
987,0.33203125,59
988,0.3453124999999999,58
989,0.3519531250000001,58
990,0.33867187499999996,58
991,0.35859375000000004,58
992,0.3453124999999999,57
993,0.33867187499999996,56
994,0.298828125,56
995,0.2789062499999999,57
996,0.2457031249999999,59
997,0.25898437500000004,61
998,0.30546874999999996,62
999,0.265625,63
1000,0.232421875,62
1001,0.2457031249999999,62
1002,0.29218750000000004,60
1003,0.2523437500000001,51
1004,0.23906249999999996,49
1005,0.25898437500000004,47
1006,0.2191406250000001,45
1007,0.2124999999999999,44
1008,0.23906249999999996,43
1009,0.22578125000000004,43
1010,0.1859375000000001,41
1011,0.1792968749999999,39
1012,0.166015625,38
1013,0.17265624999999996,36
1014,0.19921875,35
1015,0.2789062499999999,34
1016,0.32539062500000004,33
1017,0.3984375,32
1018,0.46484375,31
1019,0.49140625000000004,29
1020,0.5046875,28
1021,0.45820312500000004,27
1022,0.498046875,26
1023,0.4781249999999999,24
1024,0.4117187499999999,23
1025,0.3851562500000001,22
1026,0.40507812499999996,21
1027,0.4183593750000001,21
1028,0.4183593750000001,19
1029,0.43828124999999996,19
1030,0.4515625000000001,18
1031,0.4847656250000001,17
1032,0.4515625000000001,17
1033,0.4781249999999999,17
1034,0.4781249999999999,16
1035,1,91
1052,0.22578125000000004,11
1053,0.298828125,12
1054,0.37187499999999996,14
1055,0.37187499999999996,16
1056,0.365234375,15
1057,0.3121093749999999,17
1058,0.3984375,18
1059,0.42500000000000004,23
1060,0.431640625,24
1061,0.47148437499999996,23
1062,0.5511718750000001,26
1063,0.524609375,31
1064,0.5511718750000001,32
1065,0.59765625,33
1066,0.5445312499999999,32
1067,0.537890625,33
1068,0.5511718750000001,33
1069,0.5511718750000001,33
1070,0.5777343749999999,34
1071,0.5445312499999999,33
1072,0.5179687500000001,35
1073,0.5578125,34
1074,0.49140625000000004,33
1075,0.45820312500000004,33
1076,0.4449218749999999,32
1077,0.47148437499999996,31
1078,0.47148437499999996,31
1079,0.4449218749999999,32
1080,0.431640625,32
1081,0.40507812499999996,34
1082,0.33867187499999996,34
1083,0.35859375000000004,35
1084,0.32539062500000004,35
1085,0.3453124999999999,36
1086,0.40507812499999996,38
1087,0.3187500000000001,39
1088,0.265625,50
1089,0.2191406250000001,56
1090,0.2523437500000001,58
1091,0.1460937499999999,55
1092,0.166015625,55
1093,0.19921875,61
1094,0.166015625,68
1095,0.1859375000000001,69
1096,0.2523437500000001,71
1097,0.2457031249999999,72
1098,0.2855468750000001,73
1099,0.29218750000000004,74
1100,0.232421875,76
1101,0.2789062499999999,77
1102,0.232421875,79
1103,0.23906249999999996,79
1104,0.22578125000000004,80
1105,0.25898437500000004,80
1106,0.2523437500000001,81
1107,0.265625,81
1108,0.27226562499999996,81
1109,0.2789062499999999,81
1110,0.29218750000000004,80
1111,0.298828125,77
1112,0.3519531250000001,81
1113,0.42500000000000004,79
1114,0.43828124999999996,82
1115,0.47148437499999996,81
1116,0.45820312500000004,84
1117,0.46484375,86
1118,0.49140625000000004,87
1119,0.49140625000000004,89
1120,0.5113281249999999,90
1121,0.49140625000000004,90
1122,0.45820312500000004,91
1123,0.4449218749999999,92
1124,0.431640625,93
1125,0.42500000000000004,94
1126,0.45820312500000004,95
1127,0.39179687500000004,97
1128,0.39179687500000004,99
1129,0.4183593750000001,101
1130,0.46484375,103
1131,0.43828124999999996,106
1229,0.265625,106
1230,0.25898437500000004,106
1231,0.22578125000000004,107
1232,0.20585937499999996,108
1233,0.33203125,108
1234,0.33867187499999996,107
1235,0.3453124999999999,105
1236,0.365234375,102
1237,0.365234375,103
1238,0.35859375000000004,101
1239,0.23906249999999996,102
1240,0.19257812500000004,100
1241,0.17265624999999996,98
1242,0.166015625,97
1243,0.19921875,94
1244,0.15937500000000004,90
1245,0.19921875,88
1246,0.1328125,89
1247,0.1792968749999999,84
1248,0.20585937499999996,82
1249,0.2523437500000001,79
1250,0.17265624999999996,76
1251,0.2191406250000001,75
1252,0.17265624999999996,74
1253,0.19921875,71
1254,0.1,73
1255,0.1527343750000001,69
1256,0.13945312499999996,67
1257,0.1527343750000001,65
1258,0.15937500000000004,62
1259,0.20585937499999996,52
1260,0.1460937499999999,59
1261,0.2124999999999999,56
1262,0.166015625,54
1263,0.20585937499999996,53
1264,0.2523437500000001,50
1265,0.17265624999999996,48
1266,0.1792968749999999,43
1267,0.1527343750000001,42
1268,0.13945312499999996,40
1269,0.1,40
1270,0.1,38
1271,0.1,35
1272,0.1,33
1273,0.1,33
1274,0.1,29
1275,0.1,24
1276,0.10624999999999996,24
1277,0.1,24
1278,0.10624999999999996,23
1279,0.13945312499999996,21
1280,0.19257812500000004,19
1281,0.20585937499999996,18
1282,0.19257812500000004,17
1283,0.2457031249999999,16
1284,0.265625,15
1285,0.3984375,14
1286,0.3785156249999999,13
1287,0.4183593750000001,13
1288,0.365234375,12
1289,0.3453124999999999,12
1290,0.33867187499999996,12
1291,0.365234375,12
1292,0.35859375000000004,11
1293,0.4183593750000001,11
1294,0.4183593750000001,11
1295,0.4117187499999999,10
1296,0.39179687500000004,10
1297,0.3785156249999999,10
1298,0.37187499999999996,9
1299,0.4117187499999999,9
1300,0.4183593750000001,9
1301,0.4449218749999999,8
1302,0.4183593750000001,8
1303,0.43828124999999996,8
1304,0.45820312500000004,8
1305,0.3453124999999999,8
1306,0.3785156249999999,8
1307,0.43828124999999996,7
1308,0.5179687500000001,8
1309,0.53125,8
1310,0.59765625,8
1311,0.591015625,8
1312,0.524609375,8
1313,0.5113281249999999,7
1314,0.53125,7
1315,0.524609375,7
1316,0.5511718750000001,7
1317,0.564453125,7
1318,0.604296875,7
1319,0.564453125,7
1320,0.53125,8
1321,0.431640625,8
1322,0.49140625000000004,9
1323,0.4449218749999999,9
1324,0.3785156249999999,9
1325,0.30546874999999996,10
1326,0.265625,11
1327,0.33867187499999996,11
1328,0.27226562499999996,11
1329,0.298828125,12
1330,0.25898437500000004,12
1331,0.265625,13
1332,0.19257812500000004,13
1333,0.23906249999999996,14
1334,0.29218750000000004,15
1335,0.27226562499999996,16
1336,0.3785156249999999,17
1337,0.4449218749999999,17
1338,0.431640625,18
1339,0.4117187499999999,19
1340,0.3984375,20
1341,0.43828124999999996,21
1342,0.45820312500000004,22
1343,0.46484375,23
1344,0.4183593750000001,24
1345,0.3984375,24
1346,0.365234375,24
1347,0.35859375000000004,25
1348,0.3519531250000001,26
1349,0.3519531250000001,27
1350,0.265625,27
1351,0.20585937499999996,27
1352,0.2124999999999999,28
1353,0.2191406250000001,28
1354,0.2124999999999999,28
1355,0.1859375000000001,28
1356,0.166015625,28
1357,0.166015625,29
1358,0.1,30
1359,0.13945312499999996,31
1360,0.1,33
1361,0.12617187500000004,34
1362,0.1328125,37
1363,0.17265624999999996,39
1364,0.1527343750000001,41
1365,0.19921875,44
1366,0.1460937499999999,46
1367,0.166015625,48
1368,0.1527343750000001,51
1369,0.1460937499999999,52
1370,0.1792968749999999,55
1371,0.19257812500000004,57
1372,0.1792968749999999,61
1373,0.1460937499999999,61
1374,0.166015625,64
1375,0.1328125,64
1376,0.1460937499999999,66
1377,0.13945312499999996,67
1378,0.11289062499999991,70
1379,0.166015625,74
1380,0.1527343750000001,72
1381,0.1792968749999999,77
1382,0.17265624999999996,82
1383,0.1859375000000001,81
1384,0.17265624999999996,83
1385,0.2523437500000001,86
1386,0.19921875,88
1387,0.1792968749999999,88
1388,0.232421875,88
1389,0.1859375000000001,90
1390,0.166015625,91
1391,0.1527343750000001,92
1392,0.166015625,93
1393,0.19257812500000004,94
1394,0.2124999999999999,95
1395,0.19257812500000004,97
1396,0.2457031249999999,98
1397,0.3187500000000001,99
1398,0.3187500000000001,100
1399,0.2855468750000001,100
1400,0.27226562499999996,102
1401,0.2191406250000001,103
1402,0.2457031249999999,104
1403,0.20585937499999996,105
1404,0.2191406250000001,104
1405,0.33203125,105
1406,0.37187499999999996,104
1407,0.35859375000000004,106
1408,0.40507812499999996,104
1409,0.39179687500000004,104
1410,0.3785156249999999,104
1411,0.431640625,105
1412,0.498046875,106
1413,0.4117187499999999,106
1414,0.35859375000000004,106
1415,0.33203125,107
1416,0.3984375,107
1417,0.3453124999999999,107
1418,0.365234375,108
1419,0.3453124999999999,108
1420,0.3984375,108
1421,0.3851562500000001,108
1422,0.39179687500000004,108
1423,0.42500000000000004,108
1424,0.37187499999999996,108
1425,0.33867187499999996,108
1426,0.37187499999999996,108
1427,0.30546874999999996,108
1428,0.3121093749999999,108
1429,0.35859375000000004,107
1430,0.365234375,107
1431,0.37187499999999996,107
1432,0.40507812499999996,106
1433,0.4183593750000001,106
1434,0.3519531250000001,105
1435,0.33203125,105
1436,0.33203125,104
1437,0.3851562500000001,103
1438,0.43828124999999996,102
1439,0.45820312500000004,101
1440,0.5179687500000001,100
1441,0.4515625000000001,101
1442,0.657421875,89
1443,0.49140625000000004,99
1444,0.737109375,87
1445,0.737109375,87
1446,0.37187499999999996,97
1447,0.3519531250000001,96
1448,0.3785156249999999,96
1449,0.27226562499999996,95
1450,0.2855468750000001,95
1451,0.33867187499999996,95
1452,0.27226562499999996,97
1453,0.32539062500000004,96
1454,0.3851562500000001,96
1455,0.33867187499999996,96
1456,0.37187499999999996,95
1457,0.43828124999999996,94
1458,0.45820312500000004,93
1459,0.45820312500000004,92
1460,0.5113281249999999,90
1461,0.39179687500000004,89
1462,0.35859375000000004,87
1463,0.29218750000000004,85
1464,0.298828125,82
1465,0.1859375000000001,79
1466,0.2523437500000001,77
1467,0.11289062499999991,73
1468,0.19921875,67
1469,0.1460937499999999,71
1470,0.3121093749999999,76
1471,0.232421875,56
1472,0.22578125000000004,51
1473,0.29218750000000004,48
1474,0.265625,45
1475,0.2523437500000001,41
1476,0.2523437500000001,39
1477,0.23906249999999996,36
1478,0.2457031249999999,33
1479,0.232421875,31
1480,0.23906249999999996,30
1481,0.3984375,28
1482,0.39179687500000004,26
1483,0.42500000000000004,24
1484,0.365234375,23
1485,0.29218750000000004,21
1486,0.2789062499999999,18
1487,0.2457031249999999,16
1488,0.29218750000000004,15
1489,0.3519531250000001,12
1490,0.4847656250000001,13
1491,0.4847656250000001,12
1492,0.53125,12
1493,0.564453125,11
1494,0.524609375,12
1495,0.49140625000000004,12
1496,0.498046875,12
1497,0.49140625000000004,12
1498,0.43828124999999996,12
1499,0.43828124999999996,12
1500,0.45820312500000004,11
1566,0.43828124999999996,17
1567,0.4515625000000001,18
1568,0.46484375,18
1569,0.43828124999999996,19
1570,0.4183593750000001,19
1571,0.4781249999999999,19
1572,0.47148437499999996,19
1573,0.4781249999999999,17
1574,0.47148437499999996,18
1575,0.47148437499999996,18
1576,0.4515625000000001,18
1577,0.5046875,19
1578,0.4117187499999999,20
1579,0.25898437500000004,24
1580,0.27226562499999996,26
1581,0.25898437500000004,28
1582,0.19921875,31
1583,0.13945312499999996,32
1584,0.1,33
1585,0.1,37
1586,0.1,40
1587,0.1,42
1588,0.1,44
1589,0.1,46
1590,0.1,46
1591,0.1,46
1592,0.1328125,47
1593,0.1,54
1594,0.1,55
1595,0.1859375000000001,52
1596,0.2457031249999999,55
1597,0.29218750000000004,61
1598,0.2457031249999999,64
1599,0.265625,66
1600,0.29218750000000004,69
1601,0.17265624999999996,70
1602,0.1792968749999999,72
1603,0.1460937499999999,74
1604,0.12617187500000004,76
1605,0.1527343750000001,78
1606,0.19257812500000004,82
1607,0.2191406250000001,85
1608,0.11289062499999991,86
1609,0.25898437500000004,91
1610,0.33203125,93
1611,0.2855468750000001,95
1612,0.232421875,97
1613,0.20585937499999996,99
1614,0.2855468750000001,100
1615,0.20585937499999996,101
1616,0.25898437500000004,102
1617,0.3519531250000001,103
1618,0.39179687500000004,104
1619,0.431640625,106
1620,0.39179687500000004,107
1621,0.4117187499999999,108
1622,0.3187500000000001,110
1623,0.42500000000000004,111
1710,0.25898437500000004,102
1711,0.3984375,100
1712,0.43828124999999996,98
1713,1,72
1714,0.70390625,69
1715,0.524609375,66
1716,0.22578125000000004,68
1717,0.232421875,61
1718,0.12617187500000004,68
1719,0.1328125,72
1720,0.166015625,74
1721,0.17265624999999996,71
1722,0.1328125,57
1723,0.166015625,55
1724,0.6441406249999999,99
1725,0.1328125,50
1726,0.830078125,93
1727,0.166015625,42
1728,0.11953125000000009,38
1729,0.1,33
1730,0.19921875,30
1731,0.298828125,31
1732,1,88
1733,0.42500000000000004,27
1734,0.43828124999999996,24
1735,0.4183593750000001,23
1736,1,44
1737,0.37187499999999996,21
1738,0.39179687500000004,20
1739,0.3984375,20
1740,0.47148437499999996,22
1741,0.45820312500000004,24
1742,0.42500000000000004,22
1743,0.431640625,24
1744,0.4449218749999999,24
1745,0.4449218749999999,23
1746,0.4183593750000001,23
1747,0.42500000000000004,23
1748,0.45820312500000004,23
1749,0.4183593750000001,23
1750,0.35859375000000004,24
1751,0.33867187499999996,23
1752,0.32539062500000004,23
1753,0.4117187499999999,24
1754,0.40507812499999996,24
1755,0.3851562500000001,25
1756,0.3984375,27
1757,0.431640625,29
1758,0.47148437499999996,30
1759,0.498046875,32
1760,0.42500000000000004,36
1761,0.298828125,38
1762,0.32539062500000004,40
1763,0.25898437500000004,43
1764,0.25898437500000004,52
1765,0.22578125000000004,57
1766,0.2191406250000001,53
1767,0.20585937499999996,56
1768,0.19257812500000004,57
1769,0.2124999999999999,59
1770,0.2124999999999999,61
1771,0.2789062499999999,61
1772,0.29218750000000004,64
1773,0.29218750000000004,64
1774,0.25898437500000004,64
1775,0.232421875,62
1776,0.232421875,65
1777,0.23906249999999996,67
1778,0.23906249999999996,67
1779,0.23906249999999996,68
1780,0.232421875,70
1781,0.19921875,71
1782,0.1859375000000001,72
1783,0.2124999999999999,74
1784,0.20585937499999996,74
1785,0.2124999999999999,77
1786,0.166015625,78
1787,0.2124999999999999,79
1788,0.19921875,77
1789,0.3187500000000001,81
1790,0.431640625,80
1791,0.39179687500000004,80
1792,0.39179687500000004,89
1793,0.3785156249999999,88
1794,0.4781249999999999,86
1795,0.45820312500000004,93
1796,0.431640625,94
1797,0.3984375,95
1798,0.33203125,97
1799,0.3187500000000001,97
1800,0.33203125,98
1801,0.3519531250000001,99
1802,0.30546874999999996,100
1803,0.298828125,100
1804,0.298828125,99
1805,0.3187500000000001,99
1806,0.298828125,99
1807,0.298828125,98
1808,0.298828125,98
1809,0.365234375,98
1810,0.3785156249999999,97
1811,0.25898437500000004,97
1812,0.2855468750000001,97
1813,0.32539062500000004,96
1814,0.3121093749999999,96
1815,0.33867187499999996,96
1816,0.29218750000000004,95
1817,0.265625,94
1818,0.265625,94
1819,0.3121093749999999,93
1820,0.298828125,92
1821,0.30546874999999996,91
1822,0.298828125,90
1823,0.3121093749999999,90
1824,0.33203125,89
1825,0.33203125,90
1826,0.265625,89
1827,0.265625,89
1828,0.232421875,89
1829,0.25898437500000004,88
1830,0.1792968749999999,88
1831,0.20585937499999996,88
1832,0.2191406250000001,87
1833,0.2191406250000001,87
1834,0.17265624999999996,88
1835,0.19257812500000004,89
1836,0.166015625,89
1837,0.1527343750000001,89
1838,0.10624999999999996,91
1839,0.1328125,91
1840,0.1460937499999999,94
1841,0.12617187500000004,93
1842,0.17265624999999996,91
1843,0.166015625,91
1844,0.10624999999999996,91
1845,0.1527343750000001,92
1846,0.19921875,90
1847,0.22578125000000004,90
1848,0.20585937499999996,88
1849,0.19921875,87
1850,0.22578125000000004,86
1851,0.23906249999999996,85
1852,0.23906249999999996,84
1853,0.19257812500000004,84
1854,0.1527343750000001,84
1855,0.15937500000000004,83
1856,0.1527343750000001,82
1857,0.1859375000000001,80
1858,0.1859375000000001,79
1859,0.166015625,78
1860,0.1527343750000001,77
1861,0.15937500000000004,75
1862,0.13945312499999996,74
1863,0.1792968749999999,71
1864,0.1792968749999999,70
1865,0.2191406250000001,66
1866,0.2191406250000001,65
1867,0.2191406250000001,65
1868,0.1859375000000001,65
1869,0.2124999999999999,63
1870,0.2191406250000001,62
1871,0.20585937499999996,58
1872,0.232421875,56
1873,0.23906249999999996,55
1874,0.2523437500000001,53
1875,0.2191406250000001,51
1876,0.25898437500000004,48
1877,0.298828125,47
1878,0.2457031249999999,48
1879,0.232421875,46
1880,0.2191406250000001,45
1881,0.19921875,45
1882,0.19921875,43
1883,0.22578125000000004,41
1884,0.2789062499999999,39
1885,0.25898437500000004,38
1886,0.23906249999999996,35
1887,0.2855468750000001,35
1888,0.2457031249999999,32
1889,0.22578125000000004,31
1890,0.1859375000000001,27
1891,0.22578125000000004,25
1892,0.22578125000000004,13
1893,0.23906249999999996,13
1894,0.23906249999999996,13
1895,0.232421875,13
1896,0.22578125000000004,13
1897,0.22578125000000004,13
1898,0.23906249999999996,14
1899,0.23906249999999996,14
1900,0.23906249999999996,15
1901,0.2457031249999999,16
1902,0.25898437500000004,16
1903,0.2457031249999999,17
1904,0.2457031249999999,17
1905,0.2124999999999999,18
1906,0.2124999999999999,19
1907,0.1792968749999999,20
1908,0.2124999999999999,20
1909,0.265625,21
1910,0.2124999999999999,21
1911,0.1527343750000001,23
1912,0.17265624999999996,24
1913,0.11953125000000009,25
1914,0.1,26
1915,0.10624999999999996,27
1916,0.1,28
1917,0.1,28
1918,0.1,29
1919,0.1,31
1920,0.1,32
1921,0.1,34
1922,0.1,34
1923,0.1,36
1924,0.1,37
1925,0.1,38
1926,0.1,40
1927,0.166015625,42
1928,0.1460937499999999,42
1929,0.15937500000000004,45
1930,0.12617187500000004,46
1931,0.11953125000000009,48
1932,0.1328125,49
1933,0.11953125000000009,51
1934,0.1,53
1935,0.13945312499999996,54
1936,0.1,56
1937,0.1,57
1938,0.1,59
1939,0.1460937499999999,60
1940,0.13945312499999996,61
1941,0.2124999999999999,63
1942,0.2124999999999999,64
1943,0.19257812500000004,66
1944,0.2523437500000001,67
1945,0.23906249999999996,69
1946,0.2124999999999999,71
1947,0.1859375000000001,74
1948,0.25898437500000004,76
1949,0.2855468750000001,80
1950,0.2124999999999999,82
1951,0.1460937499999999,84
1952,0.1859375000000001,86
1953,0.1859375000000001,89
1954,0.1328125,92
1955,0.1460937499999999,94
1956,0.1328125,96
1957,0.12617187500000004,98
1958,0.11289062499999991,99
1959,0.2523437500000001,102
1960,0.19257812500000004,104
1961,0.13945312499999996,104
1962,0.1460937499999999,106
1963,0.15937500000000004,106
1964,0.2523437500000001,107
1965,0.19921875,109
1966,0.4117187499999999,108
1967,0.33203125,110
2030,0.265625,102
2031,0.298828125,101
2032,0.2789062499999999,99
2033,0.2789062499999999,98
2034,0.365234375,97
2035,0.47148437499999996,95
2036,0.49140625000000004,93
2037,0.27226562499999996,91
2038,0.2789062499999999,89
2039,0.20585937499999996,87
2040,0.1859375000000001,83
2041,0.19257812500000004,78
2042,0.15937500000000004,75
2043,0.19257812500000004,71
2044,0.12617187500000004,68
2045,0.1328125,64
2046,0.1460937499999999,60
2047,0.166015625,56
2048,0.12617187500000004,54
2049,0.11289062499999991,51
2050,0.11289062499999991,46
2051,0.11289062499999991,42
2052,0.1,39
2053,0.1,37
2054,0.1,34
2055,0.1,31
2056,0.1,27
2057,0.1,23
2058,0.1,20
2059,0.11289062499999991,20
2060,0.2124999999999999,18
2061,0.25898437500000004,16
2062,0.2457031249999999,14
2063,0.35859375000000004,16
2064,0.4117187499999999,14
2065,0.4847656250000001,10
2066,0.42500000000000004,10
2132,0.2124999999999999,9
2133,0.22578125000000004,10
2134,0.23906249999999996,11
2135,0.2789062499999999,13
2136,0.1859375000000001,14
2137,0.232421875,15
2138,0.22578125000000004,18
2139,0.20585937499999996,19
2140,0.1859375000000001,20
2141,0.1859375000000001,20
2142,0.20585937499999996,22
2143,0.1859375000000001,23
2144,0.2789062499999999,24
2145,0.3121093749999999,25
2146,0.2789062499999999,26
2147,0.2855468750000001,28
2148,0.2523437500000001,30
2149,0.19921875,33
2150,0.13945312499999996,35
2151,0.17265624999999996,38
2152,0.19921875,40
2153,0.2191406250000001,42
2154,0.1859375000000001,45
2155,0.20585937499999996,48
2156,0.166015625,49
2157,0.15937500000000004,51
2158,0.17265624999999996,52
2159,0.12617187500000004,54
2160,0.166015625,55
2161,0.166015625,56
2162,0.1460937499999999,56
2163,0.17265624999999996,56
2164,0.19257812500000004,56
2165,0.2191406250000001,56
2166,0.1859375000000001,56
2167,0.1859375000000001,56
2168,0.19921875,56
2169,0.1859375000000001,55
2170,0.1859375000000001,54
2171,0.232421875,53
2172,0.22578125000000004,53
2173,0.2191406250000001,52
2174,0.19921875,52
2175,0.1859375000000001,52
2176,0.1527343750000001,52
2177,0.13945312499999996,53
2178,0.11289062499999991,53
2179,0.12617187500000004,54
2180,0.12617187500000004,55
2181,0.1328125,56
2182,0.1,57
2183,0.1,58
2184,0.1,59
2185,0.11289062499999991,58
2186,0.1,58
2187,0.1859375000000001,57
2188,0.17265624999999996,57
2189,0.1328125,58
2190,0.11289062499999991,57
2191,0.13945312499999996,56
2192,0.15937500000000004,55
2193,0.30546874999999996,53
2194,0.3121093749999999,53
2195,0.3187500000000001,53
2196,0.265625,52
2197,0.2523437500000001,52
2198,0.15937500000000004,53
2199,0.1,53
2200,0.1,52
2201,0.1,52
2202,0.12617187500000004,53
2203,0.1460937499999999,56
2204,0.1527343750000001,56
2205,0.13945312499999996,56
2206,0.1460937499999999,57
2207,0.12617187500000004,56
2208,0.11953125000000009,56
2209,0.12617187500000004,55
2210,0.1460937499999999,55
2211,0.1460937499999999,55
2212,0.13945312499999996,54
2213,0.11289062499999991,53
2214,0.1,53
2215,0.1,53
2216,0.11289062499999991,51
2217,0.1,49
2218,0.1,48
2219,0.10624999999999996,48
2220,0.1,46
2221,0.10624999999999996,45
2222,0.13945312499999996,42
2223,0.1527343750000001,42
2224,0.19921875,42
2225,0.1328125,41
2226,0.1328125,40
2227,0.11953125000000009,39
2228,0.11289062499999991,38
2229,0.11953125000000009,36
2230,0.12617187500000004,36
2231,0.1,34
2232,0.1328125,32
2233,0.1859375000000001,31
2234,0.1792968749999999,31
2235,0.2124999999999999,31
2236,0.23906249999999996,30
2237,0.30546874999999996,30
2238,0.30546874999999996,30
2239,0.265625,30
2240,0.23906249999999996,30
2241,0.2457031249999999,30
2242,0.19257812500000004,30
2243,0.15937500000000004,30
2244,0.166015625,31
2245,0.1527343750000001,31
2246,0.166015625,32
2247,0.1859375000000001,31
2248,0.19257812500000004,31
2249,0.2124999999999999,32
2250,0.2124999999999999,32
2251,0.20585937499999996,32
2252,0.1859375000000001,32
2253,0.166015625,31
2254,0.166015625,31
2255,0.166015625,31
2256,0.11953125000000009,31
2257,0.11953125000000009,30
2258,0.10624999999999996,30
2259,0.1,30
2260,0.1,30
2261,0.1,30
2262,0.1,30
2263,0.1,31
2264,0.1,31
2265,0.1,31
2266,0.1,31
2267,0.1,31
2268,0.1,31
2269,0.1,31
2270,0.1,31
2271,0.1,30
2272,0.1,30
2273,0.1,30
2274,0.1527343750000001,30
2275,0.166015625,28
2276,0.1,28
2277,0.1,29
2278,0.1,29
2279,0.2124999999999999,29
2280,0.19921875,30
2281,0.1460937499999999,30
2282,0.17265624999999996,31
2283,0.166015625,30
2284,0.1527343750000001,29
2285,0.1527343750000001,29
2286,0.166015625,30
2287,0.17265624999999996,31
2288,0.1792968749999999,32
2289,0.166015625,36
2290,0.11953125000000009,35
2291,0.12617187500000004,39
2292,0.11953125000000009,40
2293,0.1,42
2294,0.10624999999999996,44
2295,0.1,46
2296,0.1328125,49
2297,0.1328125,51
2298,0.15937500000000004,53
2299,0.20585937499999996,53
2300,0.2191406250000001,55
2301,0.20585937499999996,57
2302,0.166015625,59
2303,0.1460937499999999,61
2304,0.1527343750000001,63
2305,0.11289062499999991,66
2306,0.1,69
2307,0.1328125,71
2308,0.1,73
2309,0.1460937499999999,75
2310,0.11953125000000009,77
2311,0.1,79
2312,0.1328125,82
2313,0.15937500000000004,84
2314,0.166015625,85
2315,0.19921875,88
2316,0.1859375000000001,90
2317,0.23906249999999996,93
2318,0.1,94
2319,0.1,96
2320,0.1,95
2321,0.1,96
2322,0.1,98
2323,0.166015625,100
2324,0.2191406250000001,102
2325,0.19921875,105
2326,0.232421875,106
2327,0.22578125000000004,107
2328,0.37187499999999996,108
2329,0.40507812499999996,109
2330,0.2523437500000001,110
2331,0.2789062499999999,112
2332,0.265625,113
2333,0.3785156249999999,113
2396,0.3519531250000001,110
2397,0.45820312500000004,105
2398,0.39179687500000004,105
2399,0.365234375,104
2400,0.2855468750000001,102
2401,0.33867187499999996,97
2402,0.47148437499999996,94
2403,0.4183593750000001,94
2404,0.3851562500000001,93
2405,0.3519531250000001,93
2406,0.3187500000000001,96
2407,0.37187499999999996,94
2408,0.3121093749999999,95
2409,0.29218750000000004,95
2410,0.33203125,94
2411,0.45820312500000004,92
2412,0.4183593750000001,90
2413,0.43828124999999996,88
2414,0.3453124999999999,86
2415,0.3121093749999999,84
2416,0.27226562499999996,81
2417,0.2124999999999999,75
2418,0.1527343750000001,68
2419,0.15937500000000004,61
2420,0.13945312499999996,54
2421,0.1,47
2422,0.1527343750000001,39
2423,0.537890625,33
2424,0.37187499999999996,31
2425,0.3785156249999999,31
2426,0.524609375,25
2427,0.524609375,25
2428,0.42500000000000004,17
2429,0.431640625,16
2430,0.32539062500000004,13
2431,1,106
2432,0.94296875,115
2514,1,35
2515,0.4515625000000001,13
2516,0.47148437499999996,21
2517,0.498046875,22
2518,0.4117187499999999,23
2519,0.4781249999999999,27
2520,0.4515625000000001,28
2521,0.40507812499999996,30
2522,0.43828124999999996,33
2523,0.29218750000000004,30
2524,0.166015625,32
2525,0.33203125,36
2526,0.10624999999999996,42
2527,0.20585937499999996,48
2528,0.1,54
2529,0.1859375000000001,61
2530,0.1527343750000001,68
2531,0.2457031249999999,72
2532,0.22578125000000004,78
2533,0.365234375,82
2534,0.40507812499999996,88
2535,0.39179687500000004,91
2536,0.3785156249999999,94
2537,0.43828124999999996,96
2538,0.3121093749999999,98
2539,0.365234375,100
2540,0.3187500000000001,102
2541,0.42500000000000004,104
2542,0.40507812499999996,106
2543,0.3851562500000001,108
2544,1,87
2545,0.4449218749999999,112
2596,0.3785156249999999,15
2597,0.43828124999999996,16
2598,0.45820312500000004,16
2599,0.4449218749999999,17
2600,0.4781249999999999,17
2601,0.4449218749999999,17
2602,0.42500000000000004,17
2603,0.35859375000000004,17
2604,0.40507812499999996,17
2605,0.365234375,17
2606,0.298828125,17
2607,0.25898437500000004,17
2608,0.20585937499999996,16
2609,0.19921875,16
2610,0.19921875,16
2611,0.2191406250000001,16
2612,0.22578125000000004,15
2613,0.2124999999999999,15
2614,0.2124999999999999,15
2615,0.2191406250000001,14
2616,0.20585937499999996,14
2617,0.19257812500000004,14
2618,0.19257812500000004,14
2619,0.20585937499999996,14
2620,0.19257812500000004,14
2621,0.19257812500000004,14
2622,0.19257812500000004,14
2623,0.19257812500000004,14
2624,0.19921875,14
2625,0.19257812500000004,14
2626,0.1859375000000001,14
2627,0.1792968749999999,14
2628,0.1859375000000001,14
2629,0.19257812500000004,14
2630,0.19257812500000004,14
2631,0.1859375000000001,14
2632,0.1792968749999999,14
2633,0.19257812500000004,14
2634,0.17265624999999996,14
2635,0.17265624999999996,14
2636,0.166015625,14
2637,0.1527343750000001,14
2638,0.15937500000000004,14
2639,0.15937500000000004,14
2640,0.15937500000000004,14
2641,0.17265624999999996,14
2642,0.166015625,15
2643,0.166015625,15
2644,0.17265624999999996,15
2645,0.17265624999999996,15
2646,0.1792968749999999,16
2647,0.20585937499999996,16
2648,0.166015625,16
2649,0.1460937499999999,17
2650,0.13945312499999996,17
2651,0.1,18
2652,0.23906249999999996,19
2653,0.1859375000000001,20
2654,0.1460937499999999,21
2655,0.10624999999999996,21
2656,0.1,22
2657,0.1460937499999999,24
2658,0.11289062499999991,24
2659,0.1,26
2660,0.11289062499999991,28
2661,0.15937500000000004,30
2662,0.19257812500000004,32
2663,0.1859375000000001,34
2664,0.1,36
2665,0.1,36
2666,0.1,38
2667,0.1,39
2668,0.1,39
2669,0.1,40
2670,0.1,41
2671,0.1,42
2672,0.1,43
2673,0.1,43
2674,0.1,45
2675,0.1,46
2676,0.1,46
2677,0.1,47
2678,0.1,47
2679,0.1,49
2680,0.1,50
2681,0.1,51
2682,0.1,51
2683,0.1,51
2684,0.1,52
2685,0.1,54
2686,0.1,54
2687,0.1,56
2688,0.1,58
2689,0.1,59
2690,0.1,60
2691,0.11953125000000009,61
2692,0.1,63
2693,0.1,63
2694,0.11289062499999991,64
2695,0.1,65
2696,0.1,65
2697,0.1,66
2698,0.1,68
2699,0.1,70
2700,0.1,72
2701,0.12617187500000004,74
2702,0.1859375000000001,76
2703,0.166015625,79
2704,0.1527343750000001,81
2705,0.1792968749999999,84
2706,0.1859375000000001,85
2707,0.166015625,86
2708,0.20585937499999996,88
2709,0.19257812500000004,90
2710,0.1792968749999999,92
2711,0.27226562499999996,93
2712,0.25898437500000004,95
2713,0.27226562499999996,97
2714,0.3121093749999999,98
2715,0.2855468750000001,99
2716,0.12617187500000004,101
2717,0.11289062499999991,102
2718,0.10624999999999996,104
2719,0.1460937499999999,105
2720,0.11953125000000009,107
2721,0.11289062499999991,108
2804,0.33867187499999996,106
2805,0.2191406250000001,105
2806,0.3519531250000001,104
2807,0.2124999999999999,101
2808,0.2191406250000001,99
2809,0.33203125,98
2810,0.35859375000000004,97
2811,0.265625,96
2812,0.19921875,94
2813,0.20585937499999996,94
2814,0.29218750000000004,93
2815,0.1,92
2816,0.166015625,91
2817,0.1,88
2818,0.1,87
2819,0.1,89
2820,0.1,83
2821,0.1,81
2822,0.1,78
2823,0.431640625,75
2824,0.4781249999999999,74
2825,0.524609375,71
2826,0.365234375,68
2827,0.2789062499999999,64
2828,0.23906249999999996,61
2829,0.27226562499999996,61
2830,0.1,59
2831,0.1,57
2832,0.1,54
2833,0.12617187500000004,52
2834,0.1,49
2835,0.1,49
2836,0.2523437500000001,45
2837,0.37187499999999996,44
2838,0.365234375,42
2839,0.39179687500000004,41
2840,0.4781249999999999,39
2841,0.431640625,37
2842,0.47148437499999996,35
2843,0.46484375,33
2844,0.524609375,31
2845,0.4515625000000001,28
2846,0.5777343749999999,28
2847,0.5179687500000001,27
2848,0.70390625,27
2849,0.657421875,27
2850,0.70390625,26
2851,0.763671875,26
2852,0.830078125,25
2853,1,25
2918,0.3519531250000001,14
2919,0.32539062500000004,15
2920,0.3187500000000001,15
2921,0.3851562500000001,15
2922,0.35859375000000004,17
2923,0.32539062500000004,18
2924,0.3453124999999999,18
2925,0.32539062500000004,19
2926,0.29218750000000004,20
2927,0.3453124999999999,20
2928,0.3187500000000001,21
2929,0.3453124999999999,22
2930,0.37187499999999996,22
2931,0.33203125,23
2932,0.32539062500000004,23
2933,0.2457031249999999,24
2934,0.2457031249999999,24
2935,0.23906249999999996,25
2936,0.2191406250000001,26
2937,0.19257812500000004,26
2938,0.1527343750000001,27
2939,0.10624999999999996,28
2940,0.1,30
2941,0.1,32
2942,0.1460937499999999,33
2943,0.1,35
2944,0.11953125000000009,37
2945,0.1328125,39
2946,0.1527343750000001,40
2947,0.17265624999999996,42
2948,0.1328125,43
2949,0.11953125000000009,46
2950,0.166015625,47
2951,0.1328125,50
2952,0.1,52
2953,0.11289062499999991,54
2954,0.1,55
2955,0.166015625,57
2956,0.19921875,59
2957,0.17265624999999996,61
2958,0.1460937499999999,62
2959,0.17265624999999996,65
2960,0.1527343750000001,66
2961,0.19921875,67
2962,0.2191406250000001,69
2963,0.20585937499999996,70
2964,0.22578125000000004,72
2965,0.2124999999999999,73
2966,0.232421875,75
2967,0.23906249999999996,76
2968,0.2457031249999999,78
2969,0.25898437500000004,80
2970,0.2523437500000001,81
2971,0.2191406250000001,83
2972,0.2191406250000001,84
2973,0.2124999999999999,85
2974,0.232421875,86
2975,0.2191406250000001,88
2976,0.2124999999999999,89
2977,0.232421875,91
2978,0.1859375000000001,94
2979,0.23906249999999996,96
2980,0.232421875,97
2981,0.166015625,98
2982,0.1792968749999999,99
2983,0.166015625,100
2984,0.13945312499999996,101
2985,0.1328125,102
2986,0.1,103
2987,0.11953125000000009,104
2988,0.1,105
2989,0.11289062499999991,106
2990,0.12617187500000004,107
2991,0.12617187500000004,108
2992,0.11953125000000009,109
2993,0.17265624999999996,109
2994,0.1527343750000001,111
2995,0.17265624999999996,111
2996,0.2855468750000001,112
2997,0.40507812499999996,113
3079,1,100
3080,0.3519531250000001,100
3081,0.35859375000000004,99
3082,0.3187500000000001,98
3083,0.29218750000000004,98
3084,0.3187500000000001,98
3085,0.3187500000000001,99
3086,0.4117187499999999,98
3087,0.365234375,98
3088,0.3121093749999999,97
3089,0.2855468750000001,97
3090,0.1859375000000001,96
3091,0.15937500000000004,96
3092,0.1460937499999999,95
3093,0.20585937499999996,94
3094,0.1859375000000001,93
3095,0.11953125000000009,93
3096,0.1328125,92
3097,0.12617187500000004,91
3098,0.1,91
3099,0.1,90
3100,0.1,90
3101,0.1,89
3102,0.1,88
3103,0.10624999999999996,88
3104,0.10624999999999996,86
3105,0.15937500000000004,84
3106,0.20585937499999996,79
3107,0.10624999999999996,76
3108,0.1,73
3109,0.17265624999999996,71
3110,0.1,70
3111,0.1,70
3112,0.1,70
3113,0.3519531250000001,57
3114,0.1,56
3115,0.1,53
3116,0.1,54
3117,0.1,53
3118,0.20585937499999996,40
3119,0.1,43
3120,0.11289062499999991,43
3121,1,32
3122,1,32
3123,0.9828125,29
3124,0.74375,29
3125,0.591015625,28
3126,0.2124999999999999,28
3127,0.1792968749999999,27
3128,0.13945312499999996,26
3129,0.1328125,26
3130,0.1859375000000001,26
3131,0.1,29
3132,0.1,28
3133,0.1460937499999999,26
3134,0.13945312499999996,24
3135,0.2124999999999999,21
3136,0.17265624999999996,18
3137,0.22578125000000004,17
3138,0.1859375000000001,17
3139,0.12617187500000004,16
3140,0.1,15
3141,0.1,14
3142,0.166015625,14
3143,0.2789062499999999,13
3144,0.25898437500000004,12
3145,0.33867187499999996,11
3146,0.3785156249999999,11
3147,0.33867187499999996,10
3148,0.30546874999999996,9
3149,0.25898437500000004,9
3150,0.3453124999999999,8
3151,0.22578125000000004,8
3152,0.23906249999999996,6
3153,0.22578125000000004,6
3195,0.27226562499999996,10
3196,0.43828124999999996,11
3197,0.4847656250000001,12
3198,0.3984375,13
3199,0.35859375000000004,14
3200,0.3121093749999999,14
3201,0.25898437500000004,15
3202,0.2457031249999999,16
3203,0.27226562499999996,16
3204,0.25898437500000004,16
3205,0.23906249999999996,16
3206,0.2457031249999999,17
3207,0.2523437500000001,17
3208,0.2457031249999999,17
3209,0.2457031249999999,19
3210,0.298828125,21
3211,0.298828125,21
3212,0.2789062499999999,21
3213,0.33203125,22
3214,0.32539062500000004,22
3215,0.2457031249999999,22
3216,0.23906249999999996,22
3217,0.22578125000000004,22
3218,0.2457031249999999,22
3219,0.2523437500000001,22
3220,0.265625,23
3221,0.25898437500000004,22
3222,0.2855468750000001,23
3223,0.29218750000000004,21
3224,0.37187499999999996,20
3225,0.43828124999999996,21
3226,0.265625,18
3227,0.1,19
3228,0.1,19
3229,0.10624999999999996,20
3230,0.1,20
3231,0.1,21
3232,0.1,22
3233,0.1,23
3234,0.1,25
3235,0.1,25
3236,0.1,26
3237,0.1,27
3238,0.1,29
3239,0.1,30
3240,0.1,30
3241,0.1,31
3242,0.1,32
3243,0.1,32
3244,0.1,33
3245,0.1,34
3246,0.1,34
3247,0.1,35
3248,0.1,37
3249,0.1,38
3250,0.1,39
3251,0.1,40
3252,0.1,42
3253,0.1,44
3254,0.1,46
3255,0.1,47
3256,0.1,49
3257,0.1,50
3258,0.1,53
3259,0.1,54
3260,0.11953125000000009,56
3261,0.15937500000000004,58
3262,0.17265624999999996,60
3263,0.166015625,63
3264,0.11289062499999991,66
3265,0.1,67
3266,0.1,70
3267,0.1,73
3268,0.1,76
3269,0.1,78
3270,0.1,80
3271,0.1,81
3272,0.1,82
3273,0.1,85
3274,0.1,87
3275,0.1,89
3276,0.1,89
3277,0.1,90
3278,0.11953125000000009,91
3279,0.15937500000000004,92
3280,0.1,93
3281,0.12617187500000004,95
3282,0.1,96
3283,0.12617187500000004,97
3284,0.166015625,98
3285,0.2191406250000001,99
3286,0.1792968749999999,99
3287,0.2191406250000001,101
3288,0.1792968749999999,101
3289,0.1792968749999999,102
3290,0.19921875,103
3291,0.20585937499999996,103
3292,0.23906249999999996,103
3293,0.27226562499999996,104
3294,0.19921875,104
3295,0.2523437500000001,105
3296,0.2124999999999999,106
3297,0.19921875,107
3328,0.33203125,108
3329,0.15937500000000004,108
3330,0.11289062499999991,108
3331,0.11953125000000009,107
3332,0.1460937499999999,106
3333,0.13945312499999996,105
3334,0.166015625,104
3335,0.11289062499999991,102
3336,0.1328125,101
3337,0.1527343750000001,101
3338,0.13945312499999996,100
3339,0.19921875,99
3340,0.1328125,98
3341,0.1,96
3342,0.1,96
3343,0.1,94
3344,0.1,93
3345,0.1,91
3346,0.1,91
3347,0.1,89
3348,0.1,86
3349,0.1,86
3350,0.1,81
3351,0.1,82
3352,0.13945312499999996,81
3353,0.1328125,75
3354,0.1527343750000001,72
3355,0.1859375000000001,68
3356,0.20585937499999996,67
3357,0.20585937499999996,66
3358,0.591015625,56
3359,0.1460937499999999,63
3360,0.17265624999999996,60
3361,0.17265624999999996,58
3362,0.1460937499999999,57
3363,0.17265624999999996,54
3364,0.166015625,53
3365,0.17265624999999996,50
3366,0.2191406250000001,48
3367,0.22578125000000004,46
3368,0.19257812500000004,45
3369,0.17265624999999996,44
3370,0.19921875,42
3371,0.23906249999999996,39
3372,0.15937500000000004,37
3373,0.1460937499999999,35
3374,0.19257812500000004,33
3375,0.1527343750000001,31
3376,0.166015625,30
3377,0.19257812500000004,28
3378,0.10624999999999996,27
3379,0.1,26
3380,0.10624999999999996,22
3381,0.42500000000000004,20
3382,0.29218750000000004,18
3383,0.22578125000000004,17
3384,0.298828125,16
3385,0.30546874999999996,15
3386,0.3187500000000001,14
3387,0.3851562500000001,13
3388,0.4183593750000001,13
3389,0.4781249999999999,12
3390,0.4781249999999999,12
3391,0.4781249999999999,11
3392,0.46484375,11
3393,0.4183593750000001,10
3394,0.3851562500000001,10
3395,0.3785156249999999,10
3396,0.298828125,9
3397,0.30546874999999996,9
3398,0.3519531250000001,8
3399,0.4183593750000001,9
3400,0.37187499999999996,8
3401,0.265625,8
3402,0.29218750000000004,8
3403,0.298828125,7
3404,0.265625,7
3405,0.40507812499999996,7
3406,0.40507812499999996,6
3407,0.47148437499999996,5
3461,0.5113281249999999,7
3462,0.4449218749999999,7
3463,0.4117187499999999,8
3464,0.42500000000000004,9
3465,0.42500000000000004,11
3466,0.3785156249999999,11
3467,0.2789062499999999,11
3468,0.32539062500000004,13
3469,0.3121093749999999,15
3470,0.265625,14
3471,0.25898437500000004,16
3472,0.33867187499999996,21
3473,0.29218750000000004,21
3474,0.3187500000000001,23
3475,0.33203125,22
3476,0.3121093749999999,20
3477,0.431640625,28
3478,0.298828125,30
3479,0.33867187499999996,31
3480,0.3121093749999999,34
3481,0.431640625,37
3482,0.42500000000000004,34
3483,0.1,35
3484,0.11289062499999991,37
3485,0.13945312499999996,40
3486,0.1460937499999999,42
3487,0.15937500000000004,43
3488,0.1460937499999999,46
3489,0.1527343750000001,47
3490,0.166015625,49
3491,0.1,50
3492,0.1,52
3493,0.1,54
3494,0.13945312499999996,60
3495,0.10624999999999996,63
3496,0.11953125000000009,66
3497,0.11289062499999991,72
3498,0.13945312499999996,74
3499,0.11289062499999991,76
3500,0.1460937499999999,80
3501,0.1328125,80
3502,0.19921875,81
3503,0.11289062499999991,81
3504,0.1,83
3505,0.1,83
3506,0.11953125000000009,85
3507,0.1328125,87
3508,0.15937500000000004,90
3509,0.12617187500000004,92
3510,0.20585937499999996,95
3511,0.1460937499999999,96
3512,0.1460937499999999,97
3513,0.166015625,99
3514,0.12617187500000004,100
3515,0.11953125000000009,101
3516,0.12617187500000004,102
3517,0.19921875,104
3518,0.2191406250000001,105
3519,0.3121093749999999,106
3520,0.40507812499999996,107
3521,0.33203125,108
3522,0.3187500000000001,109
3523,0.23906249999999996,110
3524,0.29218750000000004,110
3525,0.25898437500000004,111
3555,0.33203125,111
3556,0.3519531250000001,111
3557,0.45820312500000004,110
3558,0.2789062499999999,110
3559,0.1792968749999999,109
3560,0.1792968749999999,109
3561,0.298828125,108
3562,0.4183593750000001,107
3563,0.43828124999999996,106
3564,0.32539062500000004,106
3565,0.19257812500000004,105
3566,0.1859375000000001,104
3567,0.23906249999999996,103
3568,0.19257812500000004,102
3569,0.20585937499999996,102
3570,0.20585937499999996,102
3571,0.1859375000000001,103
3572,0.2523437500000001,102
3573,0.166015625,103
3574,0.2124999999999999,102
3575,0.22578125000000004,102
3576,0.19921875,102
3577,0.19257812500000004,101
3578,0.232421875,101
3579,0.232421875,100
3580,0.22578125000000004,100
3581,0.27226562499999996,99
3582,0.32539062500000004,99
3583,0.3519531250000001,98
3584,0.3453124999999999,97
3585,0.33203125,97
3586,0.32539062500000004,96
3587,0.365234375,96
3588,0.4117187499999999,95
3589,0.29218750000000004,93
3590,0.4847656250000001,92
3591,0.5046875,88
3592,0.5511718750000001,84
3593,0.5445312499999999,83
3594,0.4183593750000001,78
3595,0.1527343750000001,76
3596,0.1859375000000001,72
3597,0.11289062499999991,69
3598,0.1460937499999999,65
3599,0.17265624999999996,63
3600,0.23906249999999996,59
3601,0.15937500000000004,58
3602,0.19921875,56
3603,0.19257812500000004,54
3604,0.166015625,49
3605,0.17265624999999996,47
3606,0.17265624999999996,47
3607,0.20585937499999996,45
3608,0.2124999999999999,42
3609,0.27226562499999996,40
3610,0.19921875,36
3611,0.2191406250000001,35
3612,0.19257812500000004,30
3613,0.1859375000000001,27
3614,0.166015625,24
3615,0.166015625,24
3616,0.11953125000000009,22
3617,0.23906249999999996,21
3618,0.32539062500000004,20
3619,0.35859375000000004,18
3620,0.4449218749999999,17
3621,0.45820312500000004,16
3622,0.40507812499999996,15
3623,0.32539062500000004,14
3624,0.431640625,13
3625,0.5046875,13
3626,0.524609375,12
3627,0.49140625000000004,11
3628,0.537890625,11
3629,0.5511718750000001,10
3630,0.42500000000000004,9
3631,0.3519531250000001,9
3729,0.2855468750000001,8
3730,0.27226562499999996,8
3731,0.3121093749999999,8
3732,0.2457031249999999,9
3733,0.2789062499999999,9
3734,0.4515625000000001,9
3735,0.45820312500000004,10
3736,0.524609375,10
3737,0.5843750000000001,11
3738,0.5113281249999999,12
3739,0.524609375,12
3740,0.4781249999999999,13
3741,0.3519531250000001,14
3742,0.25898437500000004,15
3743,0.2191406250000001,15
3744,0.23906249999999996,16
3745,0.2191406250000001,16
3746,0.2191406250000001,17
3747,0.15937500000000004,19
3748,0.166015625,20
3749,0.1,22
3750,0.1,23
3751,0.2523437500000001,24
3752,0.232421875,26
3753,0.19921875,27
3754,0.10624999999999996,29
3755,0.1,31
3756,0.10624999999999996,34
3757,0.10624999999999996,36
3758,0.11289062499999991,37
3759,0.1,39
3760,0.10624999999999996,40
3761,0.1460937499999999,42
3762,0.1328125,43
3763,0.1,44
3764,0.13945312499999996,46
3765,0.166015625,48
3766,0.2124999999999999,50
3767,0.35859375000000004,52
3768,0.37187499999999996,53
3769,0.42500000000000004,56
3770,0.25898437500000004,56
3771,0.232421875,58
3772,0.19257812500000004,59
3773,0.1,61
3774,0.1,63
3775,0.12617187500000004,65
3776,0.2124999999999999,70
3777,0.3453124999999999,72
3778,0.4847656250000001,75
3779,0.7171875,78
3780,0.6640625,81
3781,0.6175781250000001,83
3782,0.3785156249999999,85
3783,0.5843750000000001,87
3784,0.40507812499999996,88
3785,0.2124999999999999,89
3786,0.29218750000000004,90
3787,0.30546874999999996,91
3788,0.35859375000000004,92
3789,0.15937500000000004,93
3790,0.1,93
3791,0.1,95
3792,0.1,96
3793,0.15937500000000004,97
3794,0.431640625,97
3795,0.12617187500000004,98
3796,0.1,99
3797,0.13945312499999996,101
3798,0.20585937499999996,102
3799,0.3453124999999999,102
3800,0.365234375,103
3801,0.33867187499999996,104
3802,0.33867187499999996,105
3803,0.25898437500000004,106
3804,0.298828125,107
3805,0.25898437500000004,108
3806,0.265625,108
3807,0.22578125000000004,109
3808,0.1792968749999999,110
3809,0.232421875,111
3810,0.27226562499999996,112
3834,0.4781249999999999,107
3835,0.630859375,105
3836,0.57109375,104
3837,0.49140625000000004,103
3838,0.40507812499999996,102
3839,0.4515625000000001,102
3840,0.630859375,102
3841,0.796875,102
3842,0.96953125,101
3843,0.869921875,102
3844,1,102
3845,0.94296875,102
3846,0.9230468749999999,102
3847,1,102
3848,1,103
3849,1,103
3850,1,103
3851,0.9562499999999999,103
3852,0.5046875,104
3853,0.4781249999999999,105
3854,0.365234375,106
3855,0.33203125,107
3856,0.40507812499999996,108
3857,0.4117187499999999,108
3858,0.3453124999999999,109
3859,0.4117187499999999,109
3860,0.3851562500000001,108
3861,0.2789062499999999,108
3862,0.32539062500000004,107
3863,0.32539062500000004,106
3864,0.3785156249999999,106
3865,0.33203125,105
3866,0.3851562500000001,104
3867,0.33867187499999996,102
3868,0.47148437499999996,102
3869,0.4449218749999999,99
3870,0.4117187499999999,99
3871,0.298828125,97
3872,0.42500000000000004,96
3873,0.33867187499999996,92
3874,0.4183593750000001,91
3875,0.2523437500000001,90
3876,0.45820312500000004,88
3877,0.49140625000000004,87
3878,0.564453125,85
3879,0.2523437500000001,81
3880,0.30546874999999996,79
3881,0.29218750000000004,77
3882,0.524609375,74
3883,0.27226562499999996,72
3884,0.166015625,69
3885,0.2789062499999999,66
3886,0.2457031249999999,64
3887,0.25898437500000004,61
3888,0.4449218749999999,59
3889,0.32539062500000004,55
3890,0.30546874999999996,51
3891,0.3121093749999999,50
3892,0.25898437500000004,46
3893,0.23906249999999996,45
3894,0.1859375000000001,42
3895,0.166015625,40
3896,0.11953125000000009,38
3897,0.1460937499999999,36
3898,0.19257812500000004,35
3899,0.29218750000000004,33
3900,0.22578125000000004,31
3901,0.2789062499999999,29
3902,0.2855468750000001,26
3903,0.53125,25
3904,0.46484375,24
3905,0.4449218749999999,23
3906,0.47148437499999996,21
3907,0.45820312500000004,20
3908,0.4117187499999999,19
3909,0.4449218749999999,17
3910,0.33203125,16
3911,0.265625,15
3912,0.30546874999999996,14
3913,0.265625,14
3914,0.298828125,13
3915,0.298828125,13
3916,0.27226562499999996,13
3917,0.30546874999999996,13
3918,0.33867187499999996,12
3919,0.35859375000000004,12
3920,0.42500000000000004,12
3921,0.298828125,12
3922,0.23906249999999996,11
3923,0.2457031249999999,11
3924,0.39179687500000004,11
3925,0.4449218749999999,10
3926,0.4183593750000001,10
3927,0.33867187499999996,9
3928,0.33203125,8
4076,1,27
4077,1,31
4078,1,35
4079,1,39
4080,1,42
4081,1,45
4082,1,47
4083,1,49
4084,1,51
4085,1,52
4086,1,52
4087,1,52
4088,1,53
4089,1,53
4090,1,51
4091,1,49
4092,1,48
4093,0.3984375,46
4094,0.1859375000000001,45
4095,0.1859375000000001,42
4096,0.11953125000000009,41
4097,0.11289062499999991,39
4098,0.232421875,42
4099,0.1859375000000001,46
4100,0.2855468750000001,50
4101,0.4449218749999999,56
4102,0.591015625,58
4103,0.6839843750000001,62
4104,0.604296875,63
4105,0.33867187499999996,63
4106,0.232421875,63
4107,0.19921875,62
4108,0.25898437500000004,64
4109,0.19257812500000004,65
4110,0.2855468750000001,65
4111,0.232421875,65
4112,0.365234375,66
4113,0.45820312500000004,66
4114,0.33867187499999996,66
4115,0.37187499999999996,67
4116,0.23906249999999996,69
4117,0.62421875,71
4118,0.12617187500000004,72
4119,0.2124999999999999,69
4120,0.32539062500000004,75
4121,0.25898437500000004,82
4122,0.5179687500000001,86
4123,0.657421875,87
4124,0.5777343749999999,87
4125,0.4847656250000001,88
4126,0.591015625,89
4127,0.3984375,91
4128,0.29218750000000004,91
4129,0.33867187499999996,91
4130,0.3453124999999999,92
4131,0.4515625000000001,91
4132,0.4781249999999999,91
4133,0.5113281249999999,91
4134,0.5179687500000001,91
4135,0.4847656250000001,91
4136,0.4515625000000001,91
4137,0.47148437499999996,92
4138,0.5511718750000001,93
4139,0.5511718750000001,95
4140,0.5511718750000001,97
4141,0.4449218749999999,98
4142,0.39179687500000004,100
4143,0.365234375,103
4144,0.37187499999999996,105
4145,0.3851562500000001,106
4146,0.3187500000000001,107
4147,0.25898437500000004,108
4148,0.2789062499999999,109
4149,0.19921875,110
4150,0.431640625,111
4198,0.9828125,108
4199,0.7171875,107
4200,0.6839843750000001,106
4201,0.7703125,105
4202,1,104
4203,0.47148437499999996,104
4204,0.5113281249999999,103
4205,0.3519531250000001,104
4206,0.265625,105
4207,0.2789062499999999,105
4208,0.2523437500000001,104
4209,0.2457031249999999,104
4210,0.232421875,104
4211,0.23906249999999996,103
4212,0.2191406250000001,103
4213,0.22578125000000004,102
4214,0.23906249999999996,101
4215,0.2191406250000001,100
4216,0.1328125,53
4217,0.11953125000000009,52
4218,0.11953125000000009,52
4219,0.11953125000000009,52
4220,0.13945312499999996,52
4221,0.13945312499999996,52
4222,0.1328125,52
4223,0.12617187500000004,52
4224,0.11953125000000009,52
4225,0.12617187500000004,52
4226,0.11953125000000009,52
4227,0.11953125000000009,53
4228,0.11289062499999991,53
4229,0.12617187500000004,53
4230,0.11953125000000009,53
4231,0.11289062499999991,53
4232,0.1460937499999999,53
4233,0.12617187500000004,52
4234,0.10624999999999996,52
4235,0.1328125,51
4236,0.11953125000000009,51
4237,0.11289062499999991,50
4238,0.1328125,48
4239,0.1527343750000001,47
4240,0.1527343750000001,45
4241,0.1328125,43
4242,0.33867187499999996,43
4243,0.11953125000000009,41
4244,0.13945312499999996,39
4245,0.15937500000000004,36
4246,0.1,34
4247,0.10624999999999996,33
4248,0.1792968749999999,31
4249,0.1,30
4250,0.23906249999999996,29
4251,0.29218750000000004,28
4252,0.19257812500000004,27
4253,0.2457031249999999,26
4254,0.19257812500000004,25
4255,0.1527343750000001,23
4256,0.1859375000000001,22
4257,0.2457031249999999,21
4258,0.29218750000000004,21
4259,0.2124999999999999,20
4260,0.232421875,20
4261,0.2457031249999999,19
4262,0.23906249999999996,19
4263,0.2523437500000001,19
4264,0.232421875,19
4265,0.23906249999999996,19
4266,0.232421875,19
4267,0.22578125000000004,19
4268,0.2523437500000001,19
4269,0.2855468750000001,19
4270,0.2855468750000001,19
4271,0.33203125,19
4272,0.33867187499999996,20
4273,0.3519531250000001,20
4274,0.3121093749999999,20
4275,0.33867187499999996,20
4276,0.32539062500000004,20
4277,0.33867187499999996,20
4278,0.3519531250000001,20
4279,0.3984375,21
4280,0.3851562500000001,21
4281,0.4449218749999999,21
4282,0.4449218749999999,21
4283,0.43828124999999996,21
4284,0.3851562500000001,21
4285,0.39179687500000004,21
4286,0.35859375000000004,21
4287,0.35859375000000004,21
4288,0.365234375,20
4289,0.33203125,21
4290,0.265625,21
4291,0.265625,21
4292,0.29218750000000004,20
4293,0.42500000000000004,20
4294,0.42500000000000004,20
4295,0.39179687500000004,20
4296,0.45820312500000004,20
4297,0.5113281249999999,20
4298,0.35859375000000004,20
4299,0.2855468750000001,20
4300,0.25898437500000004,21
4301,0.23906249999999996,21
4302,0.2457031249999999,21
4303,0.265625,22
4304,0.2523437500000001,23
4305,0.4183593750000001,23
4306,0.2191406250000001,25
4307,0.1,26
4308,0.1,28
4309,0.1,30
4310,0.1,32
4311,0.1,35
4312,0.10624999999999996,36
4313,0.1,38
4314,0.1,40
4315,0.13945312499999996,41
4316,0.25898437500000004,43
4317,0.15937500000000004,45
4318,0.15937500000000004,46
4319,0.15937500000000004,48
4320,0.1859375000000001,49
4321,0.1527343750000001,51
4322,0.1792968749999999,53
4323,0.2124999999999999,55
4324,0.19921875,56
4325,0.19921875,59
4326,0.20585937499999996,60
4327,0.166015625,62
4328,0.19921875,64
4329,0.12617187500000004,66
4330,0.12617187500000004,68
4331,0.166015625,69
4332,0.1792968749999999,71
4333,0.15937500000000004,72
4334,0.1792968749999999,72
4335,0.1859375000000001,73
4336,0.11953125000000009,74
4337,0.11953125000000009,75
4338,0.11953125000000009,75
4339,0.13945312499999996,76
4340,0.1527343750000001,76
4341,0.1527343750000001,76
4342,0.13945312499999996,76
4343,0.13945312499999996,77
4344,0.1,78
4345,0.1,78
4346,0.1,80
4347,0.1,80
4348,0.1,82
4349,0.1,84
4350,0.1,86
4351,0.1,88
4352,0.1,89
4353,0.1,91
4354,0.1,91
4355,0.1,92
4356,0.1,94
4357,0.2191406250000001,95
4358,0.3519531250000001,97
4359,0.298828125,98
4360,0.33867187499999996,99
4361,0.265625,99
4362,0.2124999999999999,99
4363,0.2124999999999999,99
4364,0.22578125000000004,99
4365,0.22578125000000004,100
4366,0.2191406250000001,99
4367,0.20585937499999996,99
4368,0.23906249999999996,99
4369,0.32539062500000004,99
4370,0.30546874999999996,99
4371,0.2789062499999999,99
4372,0.3121093749999999,99
4373,0.3453124999999999,98
4374,0.33203125,98
4375,0.27226562499999996,97
4376,0.2523437500000001,97
4377,0.298828125,96
4378,0.265625,96
4379,0.2523437500000001,95
4380,0.22578125000000004,95
4381,0.2191406250000001,95
4382,0.2523437500000001,94
4383,0.29218750000000004,94
4384,0.2855468750000001,94
4385,0.27226562499999996,94
4386,0.265625,93
4387,0.25898437500000004,93
4388,0.2523437500000001,93
4389,0.2124999999999999,92
4390,0.232421875,92
4391,0.265625,92
4392,0.2457031249999999,92
4393,0.22578125000000004,92
4394,0.2124999999999999,92
4395,0.2191406250000001,92
4396,0.23906249999999996,92
4397,0.265625,92
4398,0.25898437500000004,92
4399,0.2855468750000001,92
4400,0.2789062499999999,92
4401,0.29218750000000004,93
4402,0.33867187499999996,93
4403,0.32539062500000004,93
4404,0.3453124999999999,92
4405,0.33867187499999996,91
4406,0.32539062500000004,91
4407,0.298828125,91
4408,0.3851562500000001,91
4409,0.365234375,90
4410,0.298828125,90
4411,0.30546874999999996,88
4412,0.2523437500000001,87
4413,0.2124999999999999,86
4414,0.23906249999999996,85
4415,0.20585937499999996,83
4416,0.1792968749999999,82
4417,0.1328125,80
4418,0.1328125,78
4419,0.13945312499999996,76
4420,0.1527343750000001,74
4421,0.11953125000000009,72
4422,0.1859375000000001,70
4423,0.13945312499999996,67
4424,0.12617187500000004,65
4425,0.1,62
4426,0.1,60
4427,0.1,58
4428,0.1,58
4429,0.1,57
4430,0.1,55
4431,0.10624999999999996,53
4432,0.11953125000000009,51
4433,0.13945312499999996,49
4434,0.2191406250000001,47
4435,0.19921875,45
4436,0.17265624999999996,44
4437,0.1792968749999999,41
4438,0.33203125,39
4439,0.3851562500000001,37
4440,0.40507812499999996,33
4441,0.25898437500000004,31
4442,0.4117187499999999,28
4443,0.30546874999999996,26
4444,0.3785156249999999,25
4445,0.3519531250000001,23
4446,0.3519531250000001,23
4447,0.2855468750000001,21
4448,0.2457031249999999,20
4449,0.27226562499999996,20
4450,0.22578125000000004,19
4451,0.25898437500000004,19
4452,0.23906249999999996,18
4453,0.232421875,17
4454,0.2523437500000001,15
4455,0.2789062499999999,14
4505,0.2457031249999999,9
4506,0.2789062499999999,11
4507,0.2523437500000001,12
4508,0.25898437500000004,14
4509,0.2124999999999999,16
4510,0.2124999999999999,17
4511,0.17265624999999996,19
4512,0.1328125,21
4513,0.10624999999999996,22
4514,0.1460937499999999,23
4515,0.1328125,26
4516,0.1460937499999999,27
4517,0.22578125000000004,30
4518,0.1,32
4519,0.166015625,34
4520,0.15937500000000004,35
4521,0.232421875,37
4522,0.30546874999999996,43
4523,0.37187499999999996,40
4524,0.3187500000000001,47
4525,0.27226562499999996,50
4526,0.3121093749999999,51
4527,0.3121093749999999,53
4528,1,50
4529,1,54
4530,1,55
4531,1,58
4532,1,62
4533,1,65
4534,1,69
4535,1,70
4536,1,73
4537,1,73
4538,1,74
4539,1,75
4540,1,75
4541,1,78
4542,1,80
4543,1,83
4544,1,84
4545,1,86
4546,1,88
4547,0.6109374999999999,89
4548,0.5843750000000001,91
4549,0.5843750000000001,92
4550,0.5843750000000001,93
4551,0.57109375,96
4552,0.6375,96
4602,0.3851562500000001,104
4603,0.2457031249999999,103
4604,0.2457031249999999,101
4605,0.23906249999999996,98
4606,0.32539062500000004,96
4607,0.33867187499999996,93
4608,0.365234375,90
4609,0.365234375,88
4610,0.365234375,85
4611,0.27226562499999996,83
4612,0.2523437500000001,81
4613,0.2191406250000001,78
4614,0.166015625,77
4615,0.19921875,75
4616,0.11953125000000009,72
4617,0.1,71
4618,0.1,71
4619,0.11953125000000009,70
4620,0.12617187500000004,69
4621,0.1,68
4622,0.11953125000000009,65
4623,0.5179687500000001,62
4624,0.7171875,60
4625,0.265625,56
4626,0.15937500000000004,52
4627,0.265625,51
4628,0.39179687500000004,49
4629,0.3453124999999999,47
4630,0.33867187499999996,45
4631,0.53125,43
4632,0.46484375,39
4633,0.498046875,38
4634,0.49140625000000004,34
4635,0.431640625,32
4636,0.5046875,30
4637,0.564453125,27
4638,0.591015625,25
4639,0.4515625000000001,23
4640,0.35859375000000004,21
4641,0.4515625000000001,19
4642,0.3785156249999999,16
4643,0.35859375000000004,14
4644,0.33867187499999996,12
4645,0.498046875,10
4698,0.3984375,21
4699,0.43828124999999996,22
4700,0.4183593750000001,23
4701,0.4781249999999999,23
4702,0.46484375,24
4703,0.43828124999999996,24
4704,0.498046875,24
4705,0.47148437499999996,22
4706,0.5046875,24
4707,0.40507812499999996,23
4708,0.3121093749999999,24
4709,0.22578125000000004,25
4710,0.29218750000000004,28
4711,0.57109375,32
4712,0.697265625,35
4713,0.32539062500000004,38
4714,0.3851562500000001,43
4715,0.1527343750000001,46
4716,0.5511718750000001,51
4717,0.19921875,57
4718,0.1859375000000001,60
4719,0.13945312499999996,62
4720,0.1328125,65
4721,0.1328125,69
4722,0.15937500000000004,73
4723,0.17265624999999996,76
4724,0.17265624999999996,74
4725,0.10624999999999996,78
4726,0.1859375000000001,80
4727,0.20585937499999996,81
4728,0.1792968749999999,84
4729,0.17265624999999996,87
4730,0.265625,90
4731,0.27226562499999996,93
4732,0.15937500000000004,95
4733,0.11953125000000009,97
4734,0.3519531250000001,98
4735,0.43828124999999996,99
4736,0.46484375,101
4737,0.431640625,102
4738,0.4515625000000001,104
4739,0.46484375,104
4740,0.3851562500000001,105
4741,0.3187500000000001,106
4742,0.33203125,107
4774,1,108
4775,1,107
4776,0.3519531250000001,108
4777,0.3519531250000001,107
4778,0.37187499999999996,107
4779,0.3121093749999999,106
4780,0.29218750000000004,107
4781,0.1460937499999999,107
4782,0.1527343750000001,106
4783,0.1859375000000001,105
4784,0.20585937499999996,103
4785,0.19921875,102
4786,0.1859375000000001,102
4787,0.22578125000000004,102
4788,0.2855468750000001,102
4789,0.39179687500000004,103
4790,0.2855468750000001,103
4791,0.3453124999999999,104
4792,0.40507812499999996,104
4793,0.2124999999999999,103
4794,0.2124999999999999,103
4795,0.166015625,103
4796,0.1,103
4797,0.1,103
4798,0.1,100
4799,0.1,99
4800,0.1,97
4801,0.11289062499999991,97
4913,0.6375,19
4914,0.697265625,18
4915,0.7171875,19
4916,0.70390625,19
4917,0.697265625,20
4918,0.6175781250000001,20
4919,0.630859375,21
4920,0.7703125,23
4921,0.7171875,23
4922,0.737109375,24
4923,0.697265625,26
4924,0.710546875,27
4925,0.7171875,28
4926,0.74375,30
4927,0.803515625,31
4928,0.74375,32
4929,0.6175781250000001,33
4930,0.53125,34
4931,0.591015625,34
4932,0.53125,35
4933,0.5179687500000001,36
4934,0.4515625000000001,36
4935,0.5445312499999999,36
4936,0.524609375,36
4937,0.431640625,36
4938,0.43828124999999996,36
4939,0.47148437499999996,36
4940,0.53125,37
4941,0.498046875,37
4942,0.27226562499999996,38
4943,0.22578125000000004,38
4944,0.232421875,39
4945,0.2457031249999999,40
4946,0.1328125,40
4947,0.27226562499999996,41
4948,0.3984375,41
4949,0.40507812499999996,42
4950,0.37187499999999996,43
4951,0.25898437500000004,44
4952,0.265625,45
4953,0.11953125000000009,46
4954,0.1,48
4955,0.1,49
4956,0.11953125000000009,50
4957,0.1,50
4958,0.1,51
4959,0.1328125,52
4960,0.1460937499999999,52
4961,0.166015625,52
4962,0.33203125,53
4963,0.23906249999999996,54
4964,0.22578125000000004,55
4965,0.29218750000000004,56
4966,0.265625,56
4967,0.431640625,60
4968,0.46484375,61
4969,0.537890625,61
4970,0.5113281249999999,62
4971,0.498046875,62
4972,0.5578125,61
4973,0.604296875,61
4974,0.6441406249999999,62
4975,0.604296875,62
4976,0.6375,62
4977,0.750390625,62
4978,0.7238281249999999,61
4979,0.591015625,64
4980,0.5511718750000001,65
4981,0.537890625,61
4982,0.697265625,64
4983,0.657421875,64
4984,0.670703125,68
4985,0.45820312500000004,65
4986,0.57109375,69
4987,0.5578125,73
4988,0.59765625,71
4989,0.5179687500000001,73
4990,0.3851562500000001,74
4991,0.3453124999999999,72
4992,0.4183593750000001,82
4993,0.4117187499999999,83
4994,0.431640625,84
4995,0.4515625000000001,85
4996,0.591015625,87
4997,0.5113281249999999,87
4998,0.57109375,89
4999,0.6175781250000001,90
5000,0.73046875,91
5000,0.73046875,91
5001,0.524609375,67
5002,0.4847656250000001,67
5003,0.591015625,67
5004,0.6175781250000001,87
5005,0.53125,79
5006,0.5113281249999999,70
5007,0.4117187499999999,70
5008,0.537890625,96
5009,0.37187499999999996,97
5010,0.265625,86
5011,0.30546874999999996,79
5012,0.33203125,78
5013,0.5843750000000001,97
5014,0.5445312499999999,97
5015,0.4515625000000001,68
5016,0.4515625000000001,69
5017,0.3851562500000001,70
5018,0.33203125,69
5019,0.32539062500000004,70
5020,0.3519531250000001,70
5021,0.29218750000000004,70
5022,0.265625,71
5023,0.5179687500000001,98
5024,0.57109375,96
5025,0.498046875,92
5026,0.42500000000000004,80
5027,0.42500000000000004,79
5028,0.4781249999999999,76
5029,0.49140625000000004,76
5030,1,71
5031,1,73
5032,1,70
5033,1,72
5034,0.46484375,84
5035,0.5511718750000001,76
5036,0.591015625,79
5037,0.604296875,74
5038,0.53125,75
5039,0.46484375,75
5040,0.4449218749999999,75
5041,0.5046875,75
5042,0.5113281249999999,75
5043,0.49140625000000004,74
5044,0.4449218749999999,73
5045,0.43828124999999996,72
5046,0.42500000000000004,71
5047,0.3984375,69
5048,0.3984375,67
5049,0.37187499999999996,66
5050,0.40507812499999996,64
5051,0.4117187499999999,62
5052,0.3453124999999999,63
5053,0.30546874999999996,63
5054,0.5578125,63
5055,0.78359375,64
5056,0.524609375,64
5057,0.83671875,65
5058,0.5843750000000001,63
5059,0.39179687500000004,60
5060,0.4847656250000001,57
5061,0.4117187499999999,55
5062,0.46484375,51
5063,0.3785156249999999,48
5064,0.3121093749999999,47
5065,0.365234375,46
5066,0.32539062500000004,46
5067,0.2457031249999999,45
5068,0.29218750000000004,45
5069,0.19257812500000004,45
5070,0.2124999999999999,45
5071,0.19921875,45
5072,0.20585937499999996,46
5073,0.1859375000000001,46
5074,0.166015625,46
5075,0.10624999999999996,46
5076,0.10624999999999996,48
5077,0.232421875,48
5078,0.2789062499999999,48
5079,0.265625,47
5080,0.2855468750000001,47
5081,0.4515625000000001,45
5082,0.5113281249999999,46
5083,0.53125,44
5084,0.5179687500000001,42
5085,0.33867187499999996,39
5086,0.537890625,36
5087,0.6839843750000001,35
5088,0.5511718750000001,35
5089,0.62421875,35
5090,0.3851562500000001,37
5091,0.657421875,38
5092,0.2789062499999999,38
5093,0.2523437500000001,38
5094,0.42500000000000004,37
5095,0.6507812500000001,37
5096,0.816796875,35
5097,0.7171875,34
5098,0.6507812500000001,33
5099,0.5511718750000001,32
5100,0.53125,30
5101,0.498046875,29
5102,0.4515625000000001,28
5103,0.4449218749999999,26
5104,0.5445312499999999,24
5105,0.5113281249999999,23
5106,0.59765625,22
5107,0.5445312499999999,21
5108,0.4449218749999999,20
5109,0.4449218749999999,20
5110,0.53125,19
5111,0.5777343749999999,19
5112,0.6175781250000001,18
5113,0.6773437499999999,18
5114,0.6640625,18
5115,0.70390625,17
5116,0.6375,17
5117,0.630859375,17
5118,0.57109375,17
5119,0.5511718750000001,16
5120,0.5511718750000001,17
5121,0.5445312499999999,16
5122,0.5113281249999999,16
5123,0.3851562500000001,16
5124,0.40507812499999996,16
5125,0.42500000000000004,16
5126,0.3187500000000001,17
5127,0.32539062500000004,17
5128,0.3519531250000001,17
5129,0.33203125,18
5130,0.33203125,18
5131,0.37187499999999996,18
5132,0.43828124999999996,19
5133,0.39179687500000004,19
5134,0.3187500000000001,20
5135,0.37187499999999996,20
5136,0.4449218749999999,21
5137,0.45820312500000004,21
5138,0.564453125,23
5139,0.591015625,24
5140,0.57109375,25
5141,0.62421875,26
5142,0.737109375,27
5143,0.6839843750000001,28
5144,0.591015625,29
5145,0.604296875,30
5146,0.604296875,31
5147,0.6640625,31
5148,0.43828124999999996,32
5149,0.431640625,33
5150,0.4183593750000001,33
5151,0.30546874999999996,34
5152,0.25898437500000004,34
5153,0.3187500000000001,34
5154,0.40507812499999996,33
5155,0.524609375,33
5156,0.6507812500000001,33
5157,0.6441406249999999,33
5158,0.591015625,32
5159,0.59765625,32
5160,0.6839843750000001,31
5161,0.697265625,30
5162,0.710546875,29
5163,0.697265625,28
5164,0.73046875,27
5165,0.670703125,26
5166,0.670703125,24
5167,0.697265625,23
5168,0.697265625,22
5169,0.57109375,21
5170,0.57109375,21
5171,0.6175781250000001,20
5172,0.6640625,19
5173,0.5578125,20
5174,0.5179687500000001,19
5175,0.5511718750000001,18
5176,0.5445312499999999,18
5177,0.537890625,16
5178,0.5843750000000001,16
5179,0.604296875,15
5180,0.630859375,15
5181,0.53125,14
5182,0.47148437499999996,14
5183,0.4781249999999999,14
5184,0.3984375,14
5185,0.4117187499999999,14
5186,0.4449218749999999,14
5187,0.431640625,13
5188,0.5046875,13
5189,0.5843750000000001,13
5190,0.57109375,13
5191,0.6773437499999999,13
5192,0.74375,12
5193,0.6109374999999999,12
5194,0.6441406249999999,12
5195,0.57109375,12
5196,0.5777343749999999,12
5197,0.6175781250000001,12
5198,0.6109374999999999,11
5199,0.6375,11
5200,0.6773437499999999,11
5225,0.776953125,12
5226,0.7171875,12
5227,0.7238281249999999,12
5228,0.7570312499999999,12
5229,0.803515625,12
5230,0.803515625,12
5231,0.830078125,13
5232,0.7703125,13
5233,0.697265625,13
5234,0.6640625,13
5235,0.6507812500000001,14
5236,0.62421875,14
5237,0.6640625,15
5238,0.6109374999999999,15
5239,0.53125,15
5240,0.5046875,16
5241,0.537890625,16
5242,0.5113281249999999,17
5243,0.57109375,18
5244,0.6109374999999999,18
5245,0.657421875,18
5246,0.6441406249999999,19
5247,0.5046875,18
5248,0.537890625,19
5249,0.43828124999999996,19
5250,0.43828124999999996,19
5251,0.365234375,19
5252,0.3785156249999999,20
5253,0.365234375,20
5254,0.431640625,21
5255,0.524609375,21
5256,0.524609375,22
5257,0.45820312500000004,22
5258,0.39179687500000004,22
5259,0.43828124999999996,23
5260,0.4515625000000001,24
5261,0.3519531250000001,25
5262,0.298828125,26
5263,0.33867187499999996,26
5264,0.4781249999999999,28
5265,0.431640625,29
5266,0.630859375,29
5267,0.62421875,30
5268,0.53125,31
5269,0.47148437499999996,31
5270,0.5445312499999999,32
5271,0.62421875,33
5272,0.6109374999999999,34
5273,0.690625,34
5274,0.537890625,35
5275,0.53125,35
5276,0.365234375,34
5277,0.431640625,35
5278,0.298828125,34
5279,0.5445312499999999,34
